<archive xmlns="http://rs.tdwg.org/dwc/text/" metadata="eml.xml">
  <core encoding="UTF-8" fieldsTerminatedBy="\t" linesTerminatedBy="\n" fieldsEnclosedBy='' ignoreHeaderLines="0" rowType="http://rs.tdwg.org/dwc/terms/Occurrence">
    <files>
      <location>occurrence.txt</location>
    </files>
    <id index="0" />
	<field index="1" term="http://rs.tdwg.org/dwc/terms/scientificName"/>
  <field index="2" term="http://rs.tdwg.org/dwc/terms/taxonConceptID"/>
  <field index="3" term="http://rs.tdwg.org/dwc/terms/eventDate"/>
   <field index="4" term="http://rs.tdwg.org/dwc/terms/eventID"/>
   <field index="5" term="http://rs.tdwg.org/dwc/terms/country"/>
   <field index="6" term="http://rs.tdwg.org/dwc/terms/samplingProtocol"/>
   <field index="7" term="http://rs.tdwg.org/dwc/terms/footprintWKT"/>
   <field index="8" term="http://rs.tdwg.org/dwc/terms/preparations"/>
   <field index="9" term="http://rs.tdwg.org/dwc/terms/basisOfRecord"/>
   <field index="10" term="http://rs.tdwg.org/dwc/terms/nameAccordingTo"/>
    <field index="11" term="http://rs.tdwg.org/dwc/terms/dataGeneralizations"/>
    <field index="12" term="http://rs.tdwg.org/dwc/terms/recordedBy"/>
    <field index="13" term="http://rs.tdwg.org/dwc/terms/locality"/>
    <field index="14" term="http://rs.tdwg.org/dwc/terms/decimalLatitude"/>
     <field index="15" term="http://rs.tdwg.org/dwc/terms/decimalLongitude"/>
     <field index="16" term="http://rs.tdwg.org/dwc/terms/kingdom"/>
      <field index="17" term="http://rs.tdwg.org/dwc/terms/occurrenceID"/>
    
    


  </core>
    <extension encoding="UTF-8" fieldsTerminatedBy="\t" linesTerminatedBy="\n" fieldsEnclosedBy='' ignoreHeaderLines="0" rowType="http://data.ggbn.org/schemas/ggbn/terms/Amplification">
    <files>
      <location>sequence.txt</location>
    </files>
    <coreid index="0" />
    <field index="1" term="http://data.ggbn.org/schemas/ggbn/terms/consensusSequence"/>
    <field index="2" term="http://data.ggbn.org/schemas/ggbn/terms/marker"/>

  </extension>

</archive>
